cleaned_review,sentiment
this product is amazing and works very well,positive
i love this item and the quality is excellent,positive
the delivery was fast and the product is great,positive
this is a wonderful purchase and i am very happy,positive
the app is easy to use and very helpful,positive
excellent quality and very good value,positive
i really like this product and would buy again,positive
the service was friendly and the experience was smooth,positive
this product exceeded my expectations,positive
everything works perfectly and i am satisfied,positive
the design is beautiful and the performance is strong,positive
this is reliable useful and worth the money,positive
i had a great experience with this product,positive
the result is impressive and the product feels premium,positive
the setup was simple and the product works perfectly,positive
this product is terrible and does not work,negative
i hate this item because the quality is awful,negative
the delivery was slow and the package was damaged,negative
this is a bad purchase and i am very disappointed,negative
the app keeps crashing and is very frustrating,negative
poor quality and not worth the money,negative
i really dislike this product and will not buy again,negative
the service was rude and the experience was painful,negative
this product failed to meet my expectations,negative
nothing works properly and i am not satisfied,negative
the design is ugly and the performance is weak,negative
this is unreliable useless and a waste of money,negative
i had a terrible experience with this product,negative
the result is disappointing and the product feels cheap,negative
the setup was confusing and the product works badly,negative
